Page Title,Address
Pick-up & Return,5553 Dundas St W
Pick-up & Return,Etobicoke, ON M9B 1B8
Pick-up & Return,163 Carlingview Dr
Pick-up & Return,Etobicoke, ON M9W 5E7
Pick-up & Return,163 Carlingview Dr
Pick-up & Return,Etobicoke, ON M9W 5E7
Pick-up & Return,395 Rexdale Blvd.
Pick-up & Return,Etobicoke, ON M9W 1R9
Pick-up & Return,340 Evans Ave.
Pick-up & Return,Toronto, ON M8Z 1K2
Pick-up & Return,1475 Aerowood Drive
Pick-up & Return,Unit 2
Pick-up & Return,Mississauga, ON L4W 1C2
Pick-up & Return,6301 Silver Dart Dr
Pick-up & Return,Mississauga, ON L5P 1A2
Pick-up & Return,3441 Dundas St. West
Pick-up & Return,Toronto, ON M6S 2S5
Pick-up & Return,206 Dundas Street East
Pick-up & Return,Mississauga, ON L5A 1W4
Pick-up & Return,2610 Weston Rd
Pick-up & Return,North York, ON M9N 2B1
Pick-up & Return,2440 Dundas St W
Pick-up & Return,Toronto, ON M6P 1W9
Pick-up & Return,777 Dundas St W
Pick-up & Return,Unit B1
Pick-up & Return,Mississauga, ON L5C 4P6
Pick-up & Return,875 Plymouth Drive
Pick-up & Return,Mississauga, ON L5V 2W1
Pick-up & Return,947 Dovercourt Rd.
Pick-up & Return,Toronto, ON M6H 2X6
Pick-up & Return,2074 Steeles Ave. East
Pick-up & Return,Unit 18
Pick-up & Return,Brampton, ON L6T 4Z9
Pick-up & Return,120 Lynn Williams St
Pick-up & Return,Toronto, ON M6K 3N6
Pick-up & Return,3175 Dufferin St
Pick-up & Return,North York, ON M6A 2T2
Pick-up & Return,141 Toryork Dr
Pick-up & Return,North York, ON M9L 1X9
Pick-up & Return,2 Eireann Quay
Pick-up & Return,Toronto, ON M5V 1A1
Pick-up & Return,200 Front St W
Pick-up & Return,Floor Level
Pick-up & Return,Toronto, ON M5V 3K2
Pick-up & Return,2 Bloor St E Unit C60
Pick-up & Return,Toronto, ON M4W 1A8
Pick-up & Return,777 Bay St.
Pick-up & Return,Toronto, ON M5G 2C8
Pick-up & Return,6465 Millcreek
Pick-up & Return,Mississauga, ON L5N 5R3
Pick-up & Return,161 Bay St
Pick-up & Return,Unite C80
Pick-up & Return,Toronto, ON M5J 2S1
Pick-up & Return,3111 Woodchester Blvd.
Pick-up & Return,Mississauga, ON L5L 1J2
Pick-up & Return,2345 Yonge St
Pick-up & Return,Toronto, ON M4P 2C8
Pick-up & Return,1000 Rowntree Dairy Rd
Pick-up & Return,5
Pick-up & Return,Woodbridge, ON L4L 5X3
Pick-up & Return,188 Queen St E
Pick-up & Return,Brampton, ON L6V 1B3
Pick-up & Return,2380 Royal Windsor Dr East
Pick-up & Return,Unit 4
Pick-up & Return,Mississauga, ON L5J 1K6
Pick-up & Return,3145 Dundas Street W
Pick-up & Return,Unit 7
Pick-up & Return,Mississauga, ON L5L 5V8
Pick-up & Return,4700 Dufferin St Unit 4
Pick-up & Return,North York, ON M3H 5S7
Pick-up & Return,65 Regent Park Blvd Un6
Pick-up & Return,Toronto, ON M5A 0K7
Car Rental FAQs | Enterprise Rent-A-Car,Car Rental Faqs '- Main Heading',Car Rental Frequently Asked Questions,https://www.enterprise.ca/en/car-rental-faqs.html
Car Rental FAQs | Enterprise Rent-A-Car,Have a question about car rental? Browse the topics below or click on one of the questions to find an answer and get on the road! For quick tips on car rental, check out our car rental guide.
Car Rental FAQs | Enterprise Rent-A-Car,Find answers to popular questions about what you need for car rental.
Car Rental FAQs | Enterprise Rent-A-Car,Can you rent a car without a credit card? Is a deposit required? We have all those answers – and more.
Car Rental FAQs | Enterprise Rent-A-Car,Let us help with the hassle. Learn how we can help you with car rental while your car is being repaired.
Car Rental FAQs | Enterprise Rent-A-Car,Whether you're making, modifying or cancelling a reservation, we can help you navigate the process.
Car Rental FAQs | Enterprise Rent-A-Car,Learn more about car rental, what you need for car rental and how to pick up and return your vehicle.
Car Rental FAQs | Enterprise Rent-A-Car,From GPS to child car seats, we have answers you need on products you want for your next trip.
Car Rental FAQs | Enterprise Rent-A-Car,Read through the different car rental insurance and protection product options we have available for your car rental.
Car Rental FAQs | Enterprise Rent-A-Car,Find answers to questions around citations, tolls, toll lanes and how to request rental receipts.
Car Rental FAQs | Enterprise Rent-A-Car,With Enterprise Plus®, the more you rent, the more rewards you earn. Learn more about our loyalty program benefits.
Car Rental FAQs | Enterprise Rent-A-Car,Read more information about our selection of high-end sports cars, sedans and SUVs from world-class brands.
Car Rental FAQs | Enterprise Rent-A-Car,Our iOS and Android apps make it easier than ever to manage reservations on the go.
Car Rental FAQs | Enterprise Rent-A-Car,Find the perfect vehicle for a quick visit or an adventurous road trip.
Car Rental FAQs | Enterprise Rent-A-Car,Get your trip started by finding an airport or branch location near you.
